varenummer,navn,pris,poengsum,poeng_per_pris,,,
7771201,Ch. Rioublanc 2020,189.9,88,0.4634,,,https://www.vinmonopolet.no/search?q=7771201%3Arelevance
12798601,Cazes Samso 2025,169.9,87,0.5121,,x,https://www.vinmonopolet.no/search?q=12798601%3Arelevance
18729301,P. A. Larsen Rioja 2022,174.9,87,0.4974,,,https://www.vinmonopolet.no/search?q=18729301%3Arelevance
4806401,Alvaro Castro Dão Tinto 2023,179.9,87,0.4836,,,https://www.vinmonopolet.no/search?q=4806401%3Arelevance
18964001,Wisdom Tree Palhete 2024,196.5,87,0.4427,,,https://www.vinmonopolet.no/search?q=18964001%3Arelevance
2065101,Matsu El Picaro 2024,184.8,87,0.4708,,,https://www.vinmonopolet.no/search?q=2065101%3Arelevance
15119001,Cape Fynbos Wild Bouquet Shiraz 2024,159.9,87,0.5441,,,https://www.vinmonopolet.no/search?q=15119001%3Arelevance
6861801,Brunel de la Gardine Côtes du Rhône 2023,185,87,0.4703,,,https://www.vinmonopolet.no/search?q=6861801%3Arelevance
1469801,Allesverloren Tinta Barocca,184.9,87,0.4705,,,https://www.vinmonopolet.no/search?q=1469801%3Arelevance
11101501,Parajes del Valle Monastrell 2024,181.8,86,0.473,,,https://www.vinmonopolet.no/search?q=11101501%3Arelevance
3884001,Principiano Piemonte Barbera 2023,169.9,86,0.5062,,,https://www.vinmonopolet.no/search?q=3884001%3Arelevance
4023801,Perrin Côtes du Rhône Réserve 2023,189.9,86,0.4529,,,https://www.vinmonopolet.no/search?q=4023801%3Arelevance
5496501,Aroa Le Naturel Tinto 2024,168.5,86,0.5104,,,https://www.vinmonopolet.no/search?q=5496501%3Arelevance
5849801,Tombacco Aglianico del Beneventano,189.9,86,0.4529,,,https://www.vinmonopolet.no/search?q=5849801%3Arelevance
177701,Gran Coronas Reserva 2021,169.9,86,0.5062,,,https://www.vinmonopolet.no/search?q=177701%3Arelevance
3327501,Castello di Farnetella Chianti Colli Senesi 2023,176.9,86,0.4862,,,https://www.vinmonopolet.no/search?q=3327501%3Arelevance
12357301,Wynns Coonawarra Shiraz 2024,164.9,86,0.5215,,,https://www.vinmonopolet.no/search?q=12357301%3Arelevance
17056801,Ch. de Nages Héritage Rouge 2022,199,85,0.4271,,,https://www.vinmonopolet.no/search?q=17056801%3Arelevance
10788601,Bela Ribera del Duero,184.9,85,0.4597,,,https://www.vinmonopolet.no/search?q=10788601%3Arelevance
1986701,Campillo El Niño 2023,169.9,85,0.5003,,,https://www.vinmonopolet.no/search?q=1986701%3Arelevance
19698501,Terra by Osvaldo Amado Bairrada Baga 2023,159.9,85,0.5316,,,https://www.vinmonopolet.no/search?q=19698501%3Arelevance
19575301,Dom Brial Las Coumeilles 2024,179.9,85,0.4725,,,https://www.vinmonopolet.no/search?q=19575301%3Arelevance
19030401,Vie d'Alt Cabernet Franc 2023,189.9,85,0.4476,,,https://www.vinmonopolet.no/search?q=19030401%3Arelevance
15477701,Dezzani La Vecchia Via 2023,150,85,0.5667,,,https://www.vinmonopolet.no/search?q=15477701%3Arelevance
3017801,Penfolds Koonunga Hill Shiraz Cabernet 2024,154.7,85,0.5495,,,
12167501,Maire Grand Minéral Côtes du Jura Pinot Noir 2023,194.9,85,0.4361,,,
11713501,Jean Vullien Savoie Gamay 2024,189.9,85,0.4476,,,
11983301,Le Cedre de Beyrouth 2022,169.9,85,0.5003,,,
9928901,Casa Ferreirinha Vinha Grande 2023,184.9,85,0.4597,,,
1556901,Barone Ricasoli Chianti,174.9,85,0.486,,,
8136501,Ch. Kefraya Bretèches 2022,169.9,85,0.5003,,,
1788401,Carpineto Dogajolo Rosso 2022,162.9,85,0.5218,,,
5312101,Wongraven Alleanza Langhe Rosso 2024,189.9,85,0.4476,,,
5705701,Cune Crianza 2021,159.9,85,0.5316,,,
4526901,Niepoort Fabelaktig Douro 2023,174.9,85,0.486,,,
4446501,Saladini Pilastri Rosso Piceno 2024,154.9,85,0.5487,,,
333901,Masi Campofiorin 2022,179.9,85,0.4725,,,
4992201,Carussin Asinoi Barbera d'Asti 2024,169.9,85,0.5003,,,
4196401,Carretta Barbera d'Alba 2024,174.9,85,0.486,,,
3241501,Dom. de la Janasse Côtes du Rhône 2023,189.9,85,0.4476,,,
19928501,Kleine Zalze Vineyard Selction Grenache 2025,194.5,84,0.4319,,,
1861001,Alain Jaume Côtes du Rhône Grand Veneur Rouge,189.9,84,0.4423,,,
10264601,Casa Cavallo 2019,159.9,84,0.5253,,,
9896001,Séminaire Côtes du Rhône 2024,169.9,84,0.4944,,,
4531201,Vespa Barbera d'Asti,162.9,84,0.5157,,,
3123601,Vajra Langhe Rosso 2024,159.9,84,0.5253,,,
1303101,Rioja Vega Crianza 2022,150,84,0.56,,,
684801,Gran Feudo Reserva 2021,164.9,84,0.5094,,,
20058201,Maxime Brunel de la Gardine Côtes du Rhône 2023,169.9,83,0.4885,,,
3044301,Santa Tresa Rina Russa Frappato 2025,179.9,83,0.4614,,,
7811601,Mommessin Beaujolais-Villages 2024,197.9,83,0.4194,,,
11207801,Luzón Verdecillo Monastrell 2025,179.7,83,0.4619,,,
3596801,Santero Dilé Barbera d'Asti 2023,179,83,0.4637,,,
857701,Ch. Dudon 2020,179.9,83,0.4614,,,
8053901,Matua Marlborough Pinot Noir 2023,159.9,83,0.5191,,,
1571101,Giacosa Frat. Barb d'Alba Busije 2024,196.9,83,0.4215,,,
3438701,Odfjell Armador Cabernet Sauvignon 2024,166.9,83,0.4973,,,
1438101,Santa Margarita Casa Vital Roble,188.4,82,0.4352,,,
13159501,Pelassa Langhe Rosso 2023,174.9,82,0.4688,,,
3324101,Trénel Beaujolais Cuvée Rochebonne 2024,189.9,82,0.4318,,,
19396301,Grati Rosso di Toscana 2024,159,82,0.5157,,,
12577901,PdN Prugneto Sangiovese Superiore,175.9,82,0.4662,,,
13710301,Kosevin 2024,159.9,82,0.5128,,,
11470101,Moillard Coteaux Bourguignons 2024,159.9,82,0.5128,,,
371301,Lagunilla Reserva 2018,159.9,82,0.5128,,,
1208701,Pietro di Campo Silenzio Barbera 2024,161.9,82,0.5065,,,
4807601,Dom. André Brunel Côtes du Rhône Cuvée Sommelongue 2024,194.9,82,0.4207,,,
358301,Villa Borghetti Valpolicella Classico 2024,162.9,82,0.5034,,,
4027601,Alamos Cabernet Sauvignon 2025,164.9,82,0.4973,,,
4182301,Masi Passo Doble 2023,152.9,82,0.5363,,,
139301,Faustino VII 2023,154.9,82,0.5294,,,
137201,Marqués de Cáceres Crianza 2022,154.9,82,0.5294,,,
3072601,La Vieille Ferme Rouge 2024,154.9,82,0.5294,,,
5506601,Allegrini Valpolicella Classico 2024,170,82,0.4824,,,
14386801,Baglio Onuri Nerello Mascalese,179.9,81,0.4503,,,
7845701,Redtree Pinot Noir 2023,169.9,81,0.4768,,,
2200601,Cant. Povero Giovane Barbera d'Alba 2024,154.9,81,0.5229,,,
1471601,Giordano Primitivo di Manduria 2022,164.9,81,0.4912,,,
4027701,Alamos Malbec 2025,159.9,81,0.5066,,,
4513001,Zaccagnini Montepulciano d'Abruzzo 2024,179.9,81,0.4503,,,
4583801,Cavalchina Bardolino,155.9,81,0.5196,,,
15184601,Piero Martinelli Barbera d'Asti Superiore,159.9,80,0.5003,,,
2147101,Villa Wolf Pinot Noir 2023,174.9,80,0.4574,,,
10893301,Cuvée Dissenay Pinot Noir 2024,164.9,80,0.4851,,,
11267401,Bonpas Ventoux Grande Réserve des Challières,152.9,80,0.5232,,,
4440401,André Brunel CDR Côtes du Rhône,154.9,80,0.5165,,,
344401,Campo Viejo Reserva 2018,169.9,79,0.465,,,
5260201,Trivento Golden Reserve Malbec 2023,179.9,79,0.4391,,,
9040301,Casalforte Valpolicella Ripasso 2023,159.9,79,0.4941,,,
3053301,Tommasi Valpolicella 2024,195,79,0.4051,,,
5578701,Periquita Reserva 2023,154.9,79,0.51,,,
11312001,Enzo Bartoli Langhe Nebbiolo,175,78,0.4457,,,
7749201,Kompis Barbera d'Alba Superiore 2022,199,78,0.392,,,
5665701,Filicheto Vino Nobile di Montepulciano 2021,179.9,78,0.4336,,,
3972701,Marco Pontarelli Barbera 2024,174.9,78,0.446,,,
5869101,Antiche Terre Valpolicella Ripasso Superiore 2022,189.9,78,0.4107,,,
5220001,Antiche Terre Valpolicella Ripasso 2022,169.9,78,0.4591,,,
5526401,Monastier Cabernet Sauvignon 2024,159.9,78,0.4878,,,
3455201,El Coto Crianza 2022,169.9,78,0.4591,,,
3460701,Domìni Veneti Valpolicella Classico Superiore 2023,150,78,0.52,,,
20128801,Saam The Collaboration Series Pinotage 2024,189.9,77,0.4055,,,
15124401,Les Deux Chevaliers Pinot Noir,154.9,77,0.4971,,,
5472401,Cant. di Ora Amicale Veneto Rosso 2020,164.9,77,0.4669,,,
380601,Cantarini Barbera d'Alba 2023,162.9,77,0.4727,,,
1571001,Dal Nostro Giardino Barbera d'Asti 2022,162.9,77,0.4727,,,
2000601,Corte Giara Valpolicella Ripasso La Groletta 2023,189,77,0.4074,,,
12143301,Gianni Tessari Veneto Pinot Noir 2024,179.5,76,0.4234,,,
14660001,Ricossa Langhe Nebbiolo 2023,189.9,76,0.4002,,,
11186901,Castelmondo Ripasso Superiore,173.9,76,0.437,,,
10614501,Casteloro Valpolicella Ripasso Superiore,169.9,76,0.4473,,,
106801,Barone Montalto Passivento,157.9,75,0.475,,,
7813601,19 Crimes The Banished Dark Red 2024,156.9,74,0.4716,,,
5945401,Giovanni Barcelli Barbera 2025,159.9,74,0.4628,,,
9896201,Vinetti de Fiorini Chianti 2022,179.9,74,0.4113,,,
7857701,1000 Stories Bourbon Barrel Aged Zinfandel 2023,184.9,73,0.3948,,,
5219901,Antiche Terre Valpolicella 2025,150,73,0.4867,,,
17123501,Casa Volpi Vino Rosso 2023,154.9,73,0.4713,,,
7902201,Gran Passione 2024,164.9,72,0.4366,,,
4235501,Campolieti Valpolicella Ripasso Classico Superiore,177.9,72,0.4047,,,
4288101,Yellow Tail Shiraz 2024,159.9,70,0.4378,,,
19074701,Ch. Liversan 2017,189.9,,,,,
9151601,Tommasi Graticcio Appassionato 2022,171.9,,,,,
